DROP TABLE IF EXISTS "branches";
CREATE TABLE "branches" ("Identity" TEXT NOT NULL , "Name" TEXT, "Address" TEXT);
INSERT INTO "branches" VALUES('MEA','Meadows','2704 17 Street');
INSERT INTO "branches" VALUES('MLW','Millwoods','601 Mill Woods Town Centre, 2331 66 Street');
INSERT INTO "branches" VALUES('CPL','Capilano','201 Capilano Mall, 5004 98 Avenue');
INSERT INTO "branches" VALUES('IDY','Idylwylde','8310 88 Avenue');
INSERT INTO "branches" VALUES('LON','Londonderry','110 Londonderry Mall, 137 Avenue 66 Street');
DROP TABLE IF EXISTS "catchments";
CREATE TABLE "catchments" ("branch" , "postalcode"  UNIQUE );
INSERT INTO "catchments" VALUES('LON','T5A');
INSERT INTO "catchments" VALUES('LON','T5W');
INSERT INTO "catchments" VALUES('LON','T5B');
INSERT INTO "catchments" VALUES('LON','T5C');
INSERT INTO "catchments" VALUES('IDY','T6C');
INSERT INTO "catchments" VALUES('IDY','T6E');
INSERT INTO "catchments" VALUES('CPL','T6B');
INSERT INTO "catchments" VALUES('CPL','T6P');
INSERT INTO "catchments" VALUES('MLW','T6N');
INSERT INTO "catchments" VALUES('MLW','T6K');
INSERT INTO "catchments" VALUES('MEA','T6L');
INSERT INTO "catchments" VALUES('MEA','t6x');
INSERT INTO "catchments" VALUES('mea','t6t');
DROP TABLE IF EXISTS "circs";
CREATE TABLE "circs" ("card" TEXT NOT NULL , "date" DATETIME, "title" TEXT);
INSERT INTO "circs" VALUES('212210235','11/27/2014','A Brief History of Time');
INSERT INTO "circs" VALUES('212210152','11/28/2014','The Corrections');
INSERT INTO "circs" VALUES('3210384','11/28/2014','The Eyre Affair');
INSERT INTO "circs" VALUES('212210661','11/27/2014','The New York Trilogy');
INSERT INTO "circs" VALUES('212210152','11/29/2014','Men at Arms');
INSERT INTO "circs" VALUES('3210384','11/27/2014','A Prayer for Owen Meany');
INSERT INTO "circs" VALUES('212210824','11/29/2014','A Wrinkle in Time');
INSERT INTO "circs" VALUES('212210918','11/29/2014','House of Leaves');
INSERT INTO "circs" VALUES('212210938','11/30/2014','Italian Folktales');
INSERT INTO "circs" VALUES('3210384','11/30/2014','Ficcones');
INSERT INTO "circs" VALUES('212210938','11/27/2014','Everything is Illuminated');
INSERT INTO "circs" VALUES('212210661','11/30/2014','Galatea 2.2');
INSERT INTO "circs" VALUES('3210384','11/30/2014','Gravity''s Rainbow');
INSERT INTO "circs" VALUES('212210661','11/28/2014','Game of Thrones');
INSERT INTO "circs" VALUES('212210661','12/1/2014','First Among Sequels');
INSERT INTO "circs" VALUES('212210444','11/27/2014','Year of the Flood');
INSERT INTO "circs" VALUES('212210235','12/1/2014','Foundation');
INSERT INTO "circs" VALUES('212210235','11/30/2014','Ancillary Justice');
INSERT INTO "circs" VALUES('212210938','12/1/2014','Where the Red Ferns Grow');
INSERT INTO "circs" VALUES('212210938','11/27/2014','Pride and Prejudice');
INSERT INTO "circs" VALUES('212210444','12/1/2014','Slaughterhouse Five');
INSERT INTO "circs" VALUES('212210235','11/28/2014','Men at Arms');
INSERT INTO "circs" VALUES('3210384','11/30/2014','Gravity''s Rainbow');
INSERT INTO "circs" VALUES('3210384','11/27/2014','Men at Arms');
INSERT INTO "circs" VALUES('212210444','11/30/2014','Men at Arms');
INSERT INTO "circs" VALUES('212210444','11/30/2014','Gravity''s Rainbow');
INSERT INTO "circs" VALUES('3210384','11/30/2014','Men at Arms');
INSERT INTO "circs" VALUES('212210235','12/1/2014','Italian Folktales');
INSERT INTO "circs" VALUES('212210938','11/28/2014','A Prayer for Owen Meany');
INSERT INTO "circs" VALUES('3210384','11/27/2014','Year of the Flood');
INSERT INTO "circs" VALUES('212210938','11/30/2014','A Prayer for Owen Meany');
INSERT INTO "circs" VALUES('3210384','11/28/2014','Italian Folktales');
INSERT INTO "circs" VALUES('212210938','11/30/2014','Italian Folktales');
INSERT INTO "circs" VALUES('212210444','12/1/2014','Italian Folktales');
DROP TABLE IF EXISTS "customers";
CREATE TABLE "customers" ("card" TEXT PRIMARY KEY  NOT NULL , "last" TEXT NOT NULL , "first" TEXT, "address" TEXT, "postalcode" TEXT);
INSERT INTO "customers" VALUES('212210152','Simpson','Homer','10439 16 Avenue','T6X 5T1');
INSERT INTO "customers" VALUES('3210384','Stinson','Barney','4062 33A ST','T6T 1R4');
INSERT INTO "customers" VALUES('212210235','Ludgate','April','5810 19a Ave Nw','T6L 1T1');
INSERT INTO "customers" VALUES('212210918','Kelly','Charlie','3208 134 AV','T5A 5E4');
INSERT INTO "customers" VALUES('212210824','Vonnegut','Kurt','12282 55 St','T5W 3R4');
INSERT INTO "customers" VALUES('212210661','Miller','Avril',NULL,'T6E 5T6');
INSERT INTO "customers" VALUES('212210938','Kent','Clark','12007 46 St Nw','T5W 2W1');
INSERT INTO "customers" VALUES('212210444','Atwood','Maggie','5724 19 A avenue','T6L 1L8');
